[
    {
        "id": 1,
        "name":  "Hirusha Fernando",
        "url": "http://10.1.14.187:80/scores/images/mj.png",
        "innings": "10",
        "runs": "100",
        "wickets": "0"
    },
    {
        "id": 2,
        "name":  "Danuja Fernando",
        "url": "http://10.1.14.187:80/scores/images/mj.png",
        "innings": "10",
        "runs": "150",
        "wickets": "10"
    },
    {
        "id": 3,
        "name":  "Gihan Fernando",
        "url": "http://10.1.14.187:80/scores/images/mj.png",
        "innings": "10",
        "runs": "10",
        "wickets": "75"
    }
]