[
    {
        "id": 1,
        "name":  "Prince of Wales' College",
        "city":  "Moratuwa",
        "url": "http://192.168.1.11:80/scores/images/pwc.png",
        "color": "#FF0000" 
    },
    {
        "id": 2,
        "name":  "Royal College",
        "city":  "Colombo",
        "url": "http://192.168.1.11:80/scores/images/rcc.png",
        "color": "#0000FF" 
    },
    {
        "id": 3,
        "name":  "St. Sebastians College",
        "city":  "Moratuwa",
        "url": "http://192.168.1.11:80/scores/images/ssc.png",
        "color": "#008000" 
    },
    {
        "id": 4,
        "name":  "Thurstan College",
        "city":  "Colombo",
        "url": "http://192.168.1.11:80/scores/images/tc.png",
        "color": "#FFA500" 
    },
    {
        "id": 5,
        "name":  "Wesley College",
        "city":  "Moratuwa",
        "url": "http://192.168.1.11:80/scores/images/wc.png",
        "color": "#ADD8E6" 
    },
    {
        "id": 6,
        "name":  "D.S. Senanayake College",
        "city":  "Colombo",
        "url": "http://192.168.1.11:80/scores/images/dss.png",
        "color": "#FFFF00" 
    },
    {
        "id": 7,
        "name":  "St. Thomas College",
        "city":  "Mt. Lavinia",
        "url": "http://192.168.1.11:80/scores/images/stc.png",
        "color": "#FF0000" 
    },
    {
        "id": 8,
        "name":  "Dharmaraja College",
        "city":  "Kandy",
        "url": "http://192.168.1.11:80/scores/images/dc.jpg",
        "color": "#0000FF" 
    },
    {
        "id": 9,
        "name":  "St. Josephs College",
        "city":  "Colombo",
        "url": "http://192.168.1.11:80/scores/images/sjc.png",
        "color": "#FF0000" 
    },
    {
        "id": 10,
        "name":  "Mahinda College",
        "city":  "Galle",
        "url": "http://192.168.1.11:80/scores/images/mc.jpeg",
        "color": "#0000FF" 
    },
    {
        "id": 11,
        "name":  "Maliyadeva College",
        "city":  "Kurunegala",
        "url": "http://192.168.1.11:80/scores/images/mck.png",
        "color": "#FF0000" 
    },
    {
        "id": 12,
        "name":  "St. John's College",
        "city":  "Jaffna",
        "url": "http://192.168.1.11:80/scores/images/sjj.png",
        "color": "#0000FF" 
    },
    {
        "id": 13,
        "name":  "Ananda College",
        "city":  "Colombo",
        "url": "http://192.168.1.11:80/scores/images/acc.png",
        "color": "#0000FF" 
    },
    {
        "id": 14,
        "name":  "Nalanda College",
        "city":  "Colombo",
        "url": "http://192.168.1.11:80/scores/images/ncc.png",
        "color": "#FF0000" 
    }
]