[
    {
        "id": 1,
        "date": "2019-09-12",
        "venue": "De Soysa Stadium",
        "tournament_name": "Two-Day Tournament Div I",
        "team1_name": "Prince of Wales' College, Moratuwa",
        "team1_short_name": "PWC",
        "team1_city": "Moratuwa",
        "team1_url": "http://192.168.1.11:80/scores/images/pwc.png",
        "team2_name": "St. Sebastian's College Moratuwa",
        "team2_short_name": "SSC",
        "team2_city": "Moratuwa",
        "team2_url": "http://192.168.1.11:80/scores/images/ssc.png",
        "team1_innings_1": "234/7-d",
        "team2_innings_1": "200",
        "team1_innings_2": "67/1",
        "team2_innings_2": "",
        "match_status": "Match Draw",
        "tag": "U-19",
        "tag_color": "#FF0000"
    },
    {
        "id": 2,
        "date": "2019-09-12",
        "venue": "Sinhalese Sports Club Ground",
        "tournament_name": "Two-Day Tournament Div I",
        "team1_name": "St. Thomas' College, Mount Lavinia",
        "team1_short_name": "STC",
        "team1_city": "Mount Lavinia",
        "team1_url": "http://192.168.1.11:80/scores/images/stc.png",
        "team2_name": "Royal College, Colombo",
        "team2_short_name": "RCC",
        "team2_city": "Colombo",
        "team2_url": "http://192.168.1.11:80/scores/images/rcc.png",
        "team1_innings_1": "292/7-d",
        "team2_innings_1": "212",
        "team1_innings_2": "3/1",
        "team2_innings_2": "",
        "match_status": "Match Draw",
        "tag": "U-19",
        "tag_color": "#FF0000"
    }
]