[
    {
        "id": 1,
        "name": "U-19 Div I Two-Day Tournament", 
        "group": "U-19",
        "url": "http://192.168.1.11:80/scores/images/ipl.jpg"
    },
    {
        "id": 2,
        "name": "U-19 Div I Limited Overs Tournament",
        "group": "U-19",
        "url": "null"
    },
    {
        "id": 3,
        "name": "U-19 Div II Two-Day Tournament", 
        "group": "U-19",
        "url": "null"
    },
    {
        "id": 4,
        "name": "U-19 Div II Limited Overs Tournament", 
        "group": "U-19",
        "url": "null"
    },
    {
        "id": 5,
        "name": "U-19 Div III Two-Day Tournament", 
        "group": "U-19",
        "url": "null"
    },
    {
        "id": 6,
        "name": "U-19 Div III Limited Overs Tournament", 
        "group": "U-19",
        "url": "null"
    },
    {
        "id": 7,
        "name": "U-17 Div I Two-Day Tournament", 
        "group": "U-17",
        "url": "null"
    },
    {
        "id": 8,
        "name": "U-17 Div I Limited Overs Tournament", 
        "group": "U-17",
        "url": "null"
    },
    {
        "id": 9,
        "name": "U-17 Div II Two-Day Tournament", 
        "group": "U-17",
        "url": "null"
    }
]