[
    {
        "id": 1,
        "name":  "Under 19 1st XI"
    },
    {
        "id": 2,
        "name":  "Under 19 2nd XI"
    },
    {
        "id": 3,
        "name":  "Under 17 Team - A"
    },
    {
        "id": 4,
        "name":  "Under 17 Team - B"
    },
    {
        "id": 5,
        "name":  "Under 15 Team - A"
    },
    {
        "id": 6,
        "name":  "Under 15 Team - B"
    },
    {
        "id": 7,
        "name":  "Under 13 Team - A"
    },
    {
        "id": 8,
        "name":  "Under 13 Team - B"
    }
]